"","bn","fpe","year","firstname","middle_name","lastname","initial","form_id","position","armlengthind","appointed_date","ceased_date"
"1","106788482RR0001","31 Dec 17",2017,"DENNIS","","BOUSFIELD","M",23,"DIRECTOR","Y","01 Jan 01",""
"2","106788482RR0001","31 Dec 17",2017,"ROBERT","","JUDGE","J",23,"TREASURER/DIRECTOR","Y","01 Jan 01",""
"3","106788482RR0001","31 Dec 17",2017,"RAYMOND","","VOGEL","",23,"DIRECTOR","Y","22 Apr 12",""
"4","106788482RR0001","31 Dec 17",2017,"ANTHONY","","BAKKER","",23,"PRESIDENT/DIRECTOR","Y","01 Jan 01",""
"5","106788482RR0001","31 Dec 17",2017,"DOUG","","PIPE","N",23,"SECRETARY/DIRECTOR","Y","22 Apr 12",""
"6","106788482RR0001","31 Dec 17",2017,"WRAY","","KIRKWOOD","A",23,"DIRECTOR","Y","05 May 13",""
"7","107384158RR0001","31 Dec 17",2017,"TOM","","HARVEY","",23,"TRUSTEE","Y","01 Jan 17","31 Dec 19"
"8","107384158RR0001","31 Dec 17",2017,"SHIRLEY","","GRUMMETT","",23,"TRUSTEE","Y","01 Jan 16","31 Dec 18"
"9","107384158RR0001","31 Dec 17",2017,"JOHN","","WALLACE","",23,"TRUSTEE","Y","01 Jan 18","31 Dec 20"
"10","107409492RR0001","31 Dec 17",2017,"CHARLENE","","SANCHE","",23,"BOARD MEMBER","Y","15 Jun 17",""
"11","107409492RR0001","31 Dec 17",2017,"JANICE","","BERTRAND","",23,"TRUSTEE","Y","29 Mar 09",""
"12","107409492RR0001","31 Dec 17",2017,"CARL","","CHILIAN","",23,"BOARD MEMBER","Y","25 Jan 15","02 Mar 17"
"13","107409492RR0001","31 Dec 17",2017,"ROSS","","HAIST","A",23,"TREASURER","Y","01 Dec 13",""
"14","107409492RR0001","31 Dec 17",2017,"CHRISTOPHER","","PEARCE","R",23,"TRUSTEE","Y","01 Feb 88","20 Feb 17"
"15","107409492RR0001","31 Dec 17",2017,"BRIAN","","ANDERSON","",23,"BOARD MEMBER","Y","01 Jan 17",""
"16","107409492RR0001","31 Dec 17",2017,"DARREN","","WEST","",23,"LEAD PASTOR","Y","01 Aug 13",""
"17","107409492RR0001","31 Dec 17",2017,"GRAEME","","FYFE","",23,"BOARD MEMBER","Y","01 Nov 16","02 Mar 17"
"18","107409492RR0001","31 Dec 17",2017,"ERNIE","","SNIP","",23,"BOARD MEMBER","Y","01 Jan 17",""
"19","107409492RR0001","31 Dec 17",2017,"JACQUES","","CORMIER","",23,"BOARD MEMBER","Y","17 Mar 13","01 Mar 17"
"20","107409492RR0001","31 Dec 17",2017,"KATE","","KRAUSHAAR","",23,"BOARD MEMBER","Y","01 Jan 17",""
"21","107460784RR0001","31 Mar 17",2017,"JOHN","","FORD","",23,"CHAIR","Y","01 Apr 10",""
"22","107460784RR0001","31 Mar 17",2017,"TREVOR","","MISENER","",23,"SECRETARY/TREASURER","Y","01 Apr 13",""
"23","107460784RR0001","31 Mar 17",2017,"BARB","","ANCIO","",23,"DIRECTOR","Y","01 Apr 10","10 Jun 16"
"24","107777880RR0001","31 Mar 17",2017,"HEATHER","","RIDDELL","",23,"APPOINTED-EX OFFICIO","Y","31 Oct 16",""
"25","107777880RR0001","31 Mar 17",2017,"ELLEN","","COFFEY","",23,"DIRECTOR","Y","23 Jun 15",""
"26","107777880RR0001","31 Mar 17",2017,"NANCY","","GABEL","",23,"APPOINTED - EX-OFFICIO","Y","03 Apr 13",""
"27","107777880RR0001","31 Mar 17",2017,"VERONICA","","PEPER","",23,"2ND VICE-CHAIR","Y","22 Jun 16",""
"28","107777880RR0001","31 Mar 17",2017,"JOHN","","THORPE","",23,"APPOINTED - EX-OFFICIO","Y","01 Jun 11",""
"29","107777880RR0001","31 Mar 17",2017,"FRANK","","GELINAS","",23,"DIRECTOR","Y","23 Jun 15",""
"30","107777880RR0001","31 Mar 17",2017,"RIC","","DUWYN","",23,"DIRECTOR","Y","18 Jun 13",""
"31","107777880RR0001","31 Mar 17",2017,"RICHARD","","GELBARD","",23,"DIRECTOR","Y","21 Jun 16",""
"32","107777880RR0001","31 Mar 17",2017,"KELLY","","ISFAN","",23,"PRESIDENT/SECRETARY","Y","19 Sep 11",""
"33","107777880RR0001","31 Mar 17",2017,"BRIAN","","MILLER","",23,"APPOINTED - EX-OFFICIO","Y","17 Jun 14",""
"34","107777880RR0001","31 Mar 17",2017,"NICK","","KOKKOROS","",23,"DIRECTOR","Y","17 Jun 14",""
"35","107777880RR0001","31 Mar 17",2017,"TREVOR","","STICKL","",23,"DIRECTOR","Y","21 Jun 16",""
"36","107777880RR0001","31 Mar 17",2017,"MARJORIE","","DAWSON","",23,"DIRECTOR","Y","18 Jun 13",""
"37","107777880RR0001","31 Mar 17",2017,"BETH","","SNOWDEN","",23,"CHAIR","Y","18 Jun 13",""
"38","107777880RR0001","31 Mar 17",2017,"SUSAN","","GRAHAM","",23,"APPOINTED - EX-OFFICIO","Y","09 Sep 13","01 Oct 16"
"39","107777880RR0001","31 Mar 17",2017,"JIM","","MULHERON","",23,"DIRECTOR","Y","21 Jun 16",""
"40","107777880RR0001","31 Mar 17",2017,"THOMAS","","WHITE","",23,"1ST VICE CHAIR","Y","22 Jun 16",""
"41","107777880RR0001","31 Mar 17",2017,"PAUL","","MALETTA","",23,"DIRECTOR","Y","17 Jun 08",""
"42","107777880RR0001","31 Mar 17",2017,"TOM","","THOMSON","",23,"TREASURER","Y","21 Jul 03",""
"43","107797383RR0055","31 Dec 17",2017,"JOHN","","COLLINS","",23,"CHURCH CLERK","Y","01 Jan 16",""
"44","107797383RR0055","31 Dec 17",2017,"DIANNE","","MAY","",23,"TREASURER","Y","01 Jan 16",""
"45","107797383RR0055","31 Dec 17",2017,"DAVID","","JARVIS","",23,"HEAD ELDER","Y","01 Jan 16",""
"46","107797383RR0055","31 Dec 17",2017,"EMMANUAL","","PERERA","",23,"PASTOR","Y","01 Jun 17",""
"47","107951618RR0242","31 Mar 17",2017,"SUSAN","","MCMILLAN","",23,"CHAIR","Y","01 Jul 14",""
"48","107951618RR0242","31 Mar 17",2017,"KAREN","","HOLLAND","",23,"PASTOR","N","27 Jun 12","30 Jun 16"
"49","107951618RR0242","31 Mar 17",2017,"PAUL","","GOODYEAR","",23,"SECRETARY","Y","30 Jun 01",""
"50","107951618RR0242","31 Mar 17",2017,"JAMIE","","BRAUND","",23,"MEMBER","Y","01 Jul 14",""
"51","107951618RR0242","31 Mar 17",2017,"ELAINE","","HONCHARSKY","",23,"PASTOR","N","01 Jul 16",""
"52","107951618RR0242","31 Mar 17",2017,"FRED","","WATERS","",23,"TREASURER","Y","01 Jan 17",""
"53","107951618RR0242","31 Mar 17",2017,"MARK","","TILLSLEY","",23,"VICE CHAIR","Y","01 Jun 13","31 Dec 16"
"54","107951618RR0242","31 Mar 17",2017,"LEE","","GRAVES","",23,"TREASURER VICE CHAIR","Y","28 Jun 13",""
"55","107951618RR0242","31 Mar 17",2017,"STEPHEN","","HOLLAND","",23,"PASTOR","N","27 Jun 12","30 Jun 16"
"56","107951618RR0242","31 Mar 17",2017,"RICHARD","","HONCHARSKY","",23,"PASTOR","N","01 Jul 16",""
"57","107981441RR0001","31 Dec 17",2017,"KEITH","","WARDELL","L",23,"DIRECTOR","Y","01 Jan 16",""
"58","107981441RR0001","31 Dec 17",2017,"PAUL","","BABCOCK","E",23,"TREASURER","Y","01 Jan 16",""
"59","107981441RR0001","31 Dec 17",2017,"PETER","","LAPSLEY","K",23,"DIRECTOR","Y","01 Jan 16",""
"60","107981441RR0001","31 Dec 17",2017,"GREGORY","","EARLS","R",23,"VICE PRESIDENT","Y","01 Jan 16",""
"61","107981441RR0001","31 Dec 17",2017,"MELVIN","","EVANS","D",23,"SECRETARY","Y","01 Jan 16",""
"62","107981441RR0001","31 Dec 17",2017,"MARK","","MCCOY","A",23,"PRESIDENT","Y","01 Jan 16",""
"63","107981441RR0001","31 Dec 17",2017,"WALTER","","ANDRES","H",23,"DIRECTOR","Y","01 Jan 16",""
"64","108021718RR0001","31 Dec 17",2017,"DOUGLAS","","HASKETT","O",23,"COUNCIL REP PROPERTY","Y","01 Jan 15","31 Dec 20"
"65","108021718RR0001","31 Dec 17",2017,"ANN","","MCNALL","L",23,"TREASURER/ADMIN","Y","01 Jan 12","31 Dec 20"
"66","108021718RR0001","31 Dec 17",2017,"HAZEL","","ANDREWS","M",23,"PAST CHAIR COUNCIL","Y","01 Jan 17","31 Dec 20"
"67","108037136RR0001","31 Dec 17",2017,"JAMES","","JACKSON","C",23,"TRUSTEE","Y","01 Jan 90","31 Dec 18"
"68","108037136RR0001","31 Dec 17",2017,"MIKAL","","SCHOMBURG","C",23,"MINISTER","Y","01 Aug 16",""
"69","108037136RR0001","31 Dec 17",2017,"KEITH","","MAIN","",23,"TREASURER","Y","01 Jan 90","31 Dec 18"
"70","108038977RR0001","31 Dec 17",2017,"JORDAN","","ABRAHAM","",23,"TRUSTEE","Y","01 Jan 16",""
"71","108038977RR0001","31 Dec 17",2017,"MARK","","STEWART","F",23,"TREASURER & ELDER","Y","01 Jan 16",""
"72","108038977RR0001","31 Dec 17",2017,"BRUCE","","WILSON","",23,"ELDER","N","01 Jan 17",""
"73","108038977RR0001","31 Dec 17",2017,"PAUL","","SCHAEFFER","",23,"TRUSTEE","Y","01 Jan 12",""
"74","108038977RR0001","31 Dec 17",2017,"BETTY","","BRADY","",23,"TRUSTEE","Y","01 Jan 15",""
"75","108038977RR0001","31 Dec 17",2017,"KAREN","","CAMPBELL","",23,"TRUSTEE","N","01 Jan 15",""
"76","108038977RR0001","31 Dec 17",2017,"JOHN","","BECHT","",23,"ELDER","Y","01 Jan 13",""
"77","108038977RR0001","31 Dec 17",2017,"BRENDA","","HILTZ","",23,"FINANCIAL SECRETARY","Y","01 Jan 11",""
"78","108038977RR0001","31 Dec 17",2017,"DAVE","","CAMPBELL","",23,"ELDER","N","01 Jan 06",""
"79","108038977RR0001","31 Dec 17",2017,"WARREN","","DOELL","H",23,"VICE CHAIRMAN & ELDER","Y","01 Jan 12",""
"80","108038977RR0001","31 Dec 17",2017,"FAYE","","PETERS","",23,"FINANCIAL SECRETARY","Y","07 Jan 18",""
"81","108038977RR0001","31 Dec 17",2017,"ROSE","","GOOSSENS","",23,"FINANCIAL SECRETARY","Y","01 Jan 04","31 Dec 17"
"82","108038977RR0001","31 Dec 17",2017,"ROSE","","LUDWIG","M",23,"RECORDING SECRETARY","Y","01 Jan 03",""
"83","108038977RR0001","31 Dec 17",2017,"RUDY","","STICKL","",23,"CHAIRMAN","Y","01 Jan 03",""
"84","108083726RR0001","31 Mar 17",2017,"ALEXIS","","KINNEAR","",23,"DIRECTOR","Y","02 Sep 15",""
"85","108083726RR0001","31 Mar 17",2017,"DAVID","","SZCENSNIZK","",23,"DIRECTOR","Y","02 Sep 16",""
"86","108083726RR0001","31 Mar 17",2017,"MELANIE","","DOUGLAS","",23,"CHAIR","Y","02 Sep 15",""
"87","108083726RR0001","31 Mar 17",2017,"VALERIE","","BALLEY-PHILLIPS","",23,"TREASURER","Y","02 Sep 16",""
"88","108083726RR0001","31 Mar 17",2017,"CINDY","","KEMP-WONZO","",23,"DIRECTOR","Y","18 Sep 13",""
"89","108083726RR0001","31 Mar 17",2017,"PATRICIA","","DELEEBEECK","",23,"DIRECTOR","Y","13 Sep 12",""
"90","108083726RR0001","31 Mar 17",2017,"DENISE","","NORMAN","",23,"VICE CHAIR","Y","02 Sep 15",""
"91","108083726RR0001","31 Mar 17",2017,"JANA","","SCHUCH","",23,"SECRETARY","Y","14 Sep 11",""
"92","108083726RR0001","31 Mar 17",2017,"ANGIE","","VANBESIEN","",23,"DIRECTOR","Y","02 Sep 15",""
"93","108083726RR0001","31 Mar 17",2017,"KIM","","BURNS","",23,"DIRECTOR","Y","14 Sep 11","31 Oct 16"
"94","108140005RR0002","31 Dec 17",2017,"ELIZABETH","","RUSSEL","",23,"CHURCH WARDEN","","01 Feb 13",""
"95","108140005RR0002","31 Dec 17",2017,"GEORGE","","ANGER","",23,"CHURCH WARDEN","Y","01 Feb 14",""
"96","108140005RR0002","31 Dec 17",2017,"WILLIAM","","LENG","",23,"CHURCH WARDEN","Y","01 Feb 14","31 Dec 17"
"97","108140005RR0002","31 Dec 17",2017,"RICHARD","","DUWYN","A",23,"CHURCH WARDEN","Y","01 Feb 12",""
"98","108191636RR0001","31 Dec 17",2017,"RONALD","","BROUGHTON","",23,"ELDER","Y","01 Jan 17","31 Dec 17"
"99","108191636RR0001","31 Dec 17",2017,"LARRY","","LOUNSBURY","",23,"ELDER","Y","01 Jan 17","31 Dec 17"
"100","108191636RR0001","31 Dec 17",2017,"W. ROSS","","BRITTAIN","",23,"ELDER","Y","01 Jan 17","31 Dec 17"
"101","108191636RR0001","31 Dec 17",2017,"GLENN","","RIDER","",23,"PASTOR","Y","01 Jan 17","31 Dec 17"
"102","108191636RR0001","31 Dec 17",2017,"MIRIAM","","NYEBOER","V",23,"TREASURER","Y","01 Jan 17","31 Dec 17"
"103","108191636RR0001","31 Dec 17",2017,"AL","","SEDGWICK","",23,"YOUTH PASTOR","Y","01 Jan 17","31 Dec 17"
"104","108197542RR0001","31 Dec 17",2017,"BARB","","FEARMAN","",23,"DIRECTOR","Y","01 Jan 01",""
"105","108197542RR0001","31 Dec 17",2017,"BARB","","BOOKER","",23,"DIRECTOR","Y","01 Jan 01",""
"106","108197542RR0001","31 Dec 17",2017,"DOUG","","GEDYE","",23,"DIRECTOR","","01 Jan 01",""
"107","108197542RR0001","31 Dec 17",2017,"MARILYN","","CZIKK","",23,"TREASURER","Y","01 Jan 01",""
"108","108197542RR0001","31 Dec 17",2017,"ROSE","","GOWAN","",23,"DIRECTOR","","01 Jan 01",""
"109","108197542RR0001","31 Dec 17",2017,"KIM","","SHANTZ","",23,"MINISTER","Y","01 Jan 01",""
"110","108197542RR0001","31 Dec 17",2017,"JOYCE","","GOWAN","",23,"CHAIRMAN","","01 Jan 01",""
"111","108197542RR0001","31 Dec 17",2017,"DAVE","","MCBRIDE","",23,"DIRECTOR","Y","01 Jan 01",""
"112","108197542RR0001","31 Dec 17",2017,"CHRISTINE","","CHAMBERS","",23,"DIRECTOR","Y","01 Jan 01",""
"113","108197542RR0001","31 Dec 17",2017,"CAROLE","","PETERSON","",23,"DIRECTOR","Y","01 Jan 01",""
"114","108197542RR0001","31 Dec 17",2017,"WENDY","","GEDYE","",23,"DIRECTOR","","01 Jan 01",""
"115","118794478RR0001","30 Jun 17",2017,"JOHN","","DUMANSKI","",23,"PRESIDENT","Y","31 Oct 99","30 Jun 17"
"116","118794478RR0001","30 Jun 17",2017,"STEPHEN","","BRENNAN","",23,"SECRETARY","Y","31 Oct 09","19 Oct 16"
"117","118794478RR0001","30 Jun 17",2017,"LARRY","","VANLONDERSLE","",23,"SECRETARY","Y","19 Oct 16","30 Jun 17"
"118","118794478RR0001","30 Jun 17",2017,"LARRY","","HEMERYCK","R",23,"TREASURER","Y","31 Oct 75","30 Jun 17"
"119","118796499RR0002","31 Dec 17",2017,"KATHERINE","","HELLYER","E",23,"PRESIDENT","N","01 Jan 12",""
"120","118796499RR0002","31 Dec 17",2017,"KAITLIN","","HELLYER","G",23,"VICE PRESIDENT","N","01 Jul 12",""
"121","118796499RR0002","31 Dec 17",2017,"JOSHUA","","HELLYER","P",23,"DIRECTOR","N","12 Jun 08",""
"122","118796499RR0002","31 Dec 17",2017,"PAUL","","HELLYER","T",23,"DIRECTOR","N","03 Dec 58",""
"123","118796499RR0002","31 Dec 17",2017,"JORDAN","","HELLYER","M",23,"VICE PRESIDENT","N","01 Jul 12",""
"124","118796499RR0002","31 Dec 17",2017,"MICHAEL","","HELLYER","D",23,"DIRECTOR","N","12 Jun 07",""
"125","118796499RR0002","31 Dec 17",2017,"CATHERINE","","HELLYER","E",23,"SECRETARY","N","01 Jan 12",""
"126","118796499RR0002","31 Dec 17",2017,"EMILY","","HELLYER","J",23,"DIRECTOR","N","14 Jun 08",""
"127","118796499RR0002","31 Dec 17",2017,"DAVID","","HELLYER","",23,"DIRECTOR","N","26 Mar 03",""
"128","118796499RR0002","31 Dec 17",2017,"PETER","","HELLYER","L",23,"TREASURER","N","19 Jun 02",""
"129","118797182RR0001","31 Mar 17",2017,"BRIAN","","MILLER","",23,"PRESIDENT","Y","01 Apr 15","31 Mar 17"
"130","118797182RR0001","31 Mar 17",2017,"MARY","","PEEVER","",23,"PAST PRESIDENT","Y","01 Apr 15","31 Mar 17"
"131","118797182RR0001","31 Mar 17",2017,"ELIZABETH","","ROTHERHAM","",23,"TREASURER","Y","01 Apr 15",""
"132","118825413RR0001","31 Dec 17",2017,"ERNEST","","FEKETE","R",23,"BOARD MEMBER","Y","07 Mar 12","08 Mar 17"
"133","118825413RR0001","31 Dec 17",2017,"ROBERT","","MCCOY","J",23,"BOARD MEMBER","Y","09 Mar 16","08 Mar 17"
"134","118825413RR0001","31 Dec 17",2017,"RONALD","","SKIDMORE","M",23,"TREASURER","Y","08 Mar 17",""
"135","118825413RR0001","31 Dec 17",2017,"DENNIS","","DRIEDGER","J",23,"BOARD MEMBER","Y","09 Mar 11","08 Mar 17"
"136","118825413RR0001","31 Dec 17",2017,"WARDEN","","TAYLOR","C",23,"BOARD MEMBER","Y","08 Mar 17",""
"137","118825413RR0001","31 Dec 17",2017,"PETER","","WILDING","J",23,"BOARD MEMBER","Y","05 Mar 14",""
"138","118825413RR0001","31 Dec 17",2017,"CRAIG","","LUFF","C",23,"CHAIRMAN","Y","24 Oct 11","15 Oct 17"
"139","118825413RR0001","31 Dec 17",2017,"RANDALL","","EIKELBOOM","W",23,"BOARD SECRETARY","Y","08 Mar 17",""
"140","118825413RR0001","31 Dec 17",2017,"MALLARD","","MUNGAL","S",23,"BOARD MEMBER","Y","07 Mar 15",""
"141","118825413RR0001","31 Dec 17",2017,"RICHARD","","REBUK","M",23,"BOARD MEMBER","Y","09 Mar 16",""
"142","118825413RR0001","31 Dec 17",2017,"KIM","","BEDFORD","B",23,"BOARD MEMBER","Y","07 Mar 12",""
"143","118904515RR0001","31 Dec 17",2017,"DIRK","","BREEDYK","",23,"MODERATOR","Y","01 Sep 12",""
"144","118904515RR0001","31 Dec 17",2017,"DOUG","","HOWARD","",23,"ELDER","Y","01 Sep 16",""
"145","118904515RR0001","31 Dec 17",2017,"ERIC","","LUBBERS","",23,"ELDER","Y","01 Mar 17",""
"146","118904515RR0001","31 Dec 17",2017,"ALAN","","FROESE","A",23,"TREASURER","Y","01 Jan 15",""
"147","118904515RR0001","31 Dec 17",2017,"BRENT","","EASEY","",23,"ELDER","Y","01 Sep 15",""
"148","118904515RR0001","31 Dec 17",2017,"PAUL","","HIEBERT","",23,"ELDER","Y","01 Sep 15",""
"149","118950542RR0001","31 Mar 17",2017,"MISHELLE","","DREIER","",23,"DIRECTOR","Y","16 Mar 16",""
"150","118950542RR0001","31 Mar 17",2017,"ANITA","","HILLIS-KRAUSE","",23,"EXECUTIVE DIRECTOR","Y","10 Nov 14",""
"151","118950542RR0001","31 Mar 17",2017,"WILLIAM","","MACPHERSON","I",23,"TREASURER","Y","21 Jan 15","17 May 17"
"152","118950542RR0001","31 Mar 17",2017,"NEELY","","CHASE","",23,"DIRECTOR","Y","16 Sep 08",""
"153","118950542RR0001","31 Mar 17",2017,"DAVID","","MCLEAN","",23,"PRESIDENT","Y","17 Jun 15",""
"154","118950542RR0001","31 Mar 17",2017,"NANCY","","HUFFMAN","",23,"DIRECTOR","Y","17 May 17",""
"155","118950542RR0001","31 Mar 17",2017,"PETER","","KRAUSE","",23,"VICE-PRESIDENT","Y","21 Jan 15",""
"156","118950542RR0001","31 Mar 17",2017,"JAMES","","ADAMS","",23,"DIRECTOR","Y","17 Dec 14",""
"157","118950542RR0001","31 Mar 17",2017,"STEPHENS","","SPEERS","",23,"VICE-PRESIDENT","Y","17 May 17",""
"158","118950542RR0001","31 Mar 17",2017,"JUSTINE","","LYONS","",23,"DIRECTOR","Y","20 Apr 16",""
"159","118950542RR0001","31 Mar 17",2017,"WILLIAM","","PEARCE","",23,"SECRETARY","Y","16 Jun 10",""
"160","118950542RR0001","31 Mar 17",2017,"MIGDALIA","","LOWRY","",23,"TREASURER","Y","17 May 17",""
"161","119026607RR0001","31 Dec 17",2017,"BRENDALEE","","ENGLEHARDT","",23,"DIRECTOR","Y","05 Apr 05",""
"162","119026607RR0001","31 Dec 17",2017,"BRENDALEE","","ENGLEHARDT","",23,"CHAIR PERSON/DIRECTOR","Y","31 Dec 17",""
"163","119026607RR0001","31 Dec 17",2017,"HAZEL","","ANDREWS","M",23,"CHAIR PERSON/DIRECTOR","Y","23 Apr 03","31 Dec 17"
"164","119026607RR0001","31 Dec 17",2017,"RUTH ANN","","LOGAN","",23,"VICE-CHAIR/DIRECTOR","Y","24 Apr 03",""
"165","119026607RR0001","31 Dec 17",2017,"MOLLY","","MCDOWALL","",23,"SECRETARY/DIRECTOR","Y","30 Sep 15",""
"166","119026607RR0001","31 Dec 17",2017,"PETER","","POST","",23,"TREASURER/DIRECTOR","Y","25 Apr 01",""
"167","119037653RR0002","31 Dec 17",2017,"JOHN","","BEAMER","",23,"COUNCIL MEMBER","Y","01 Jan 01",""
"168","119037653RR0002","31 Dec 17",2017,"JOANNE","","EASTON","",23,"LAY DELEGATE TO SYNOD","Y","01 Jan 01",""
"169","119037653RR0002","31 Dec 17",2017,"JOHN","","ADDISON","",23,"ATT LAY DELEGATE","Y","01 Jan 01",""
"170","119037653RR0002","31 Dec 17",2017,"JERRY","","MILNE","",23,"COUNCIL MEMBER","N","01 Jan 01",""
"171","119037653RR0002","31 Dec 17",2017,"LEONA","","MILNE","",23,"RECTOR'S WARDEN","N","01 Jan 01",""
"172","119037653RR0002","31 Dec 17",2017,"VALERIE","","WICKS","",23,"COUNCIL MEMBER","Y","01 Jan 01",""
"173","119037653RR0002","31 Dec 17",2017,"GEORGE","","FREEMAN","",23,"COUNCIL MEMBER","Y","01 Jan 01",""
"174","119037653RR0002","31 Dec 17",2017,"MARY","","FARMER","",23,"MINISTER","Y","01 Jan 01",""
"175","119037653RR0002","31 Dec 17",2017,"MABEL","","MULKINS","",23,"PEOPLES'S WARDEN","Y","01 Jan 01",""
"176","119037653RR0002","31 Dec 17",2017,"PHILIP","","HINTON","",23,"COUNCIL MEMBER","Y","01 Jan 01",""
"177","119037653RR0002","31 Dec 17",2017,"DOROTHY","","KOORN","",23,"COUNCIL MEMBER","Y","01 Jan 01",""
"178","119037653RR0002","31 Dec 17",2017,"ROBERT","","PERKS","",23,"COUNCIL MEMBER","Y","01 Jan 01",""
"179","119048429RR0001","31 Dec 17",2017,"HAROLD","","STUART","",23,"TRUSTEE","Y","01 Jan 01",""
"180","119048429RR0001","31 Dec 17",2017,"MARTIN","","ARSENAULT","",23,"TREASURER","Y","01 Jan 01",""
"181","119048429RR0001","31 Dec 17",2017,"ROSS","","SLACK","",23,"TRUSTEE","Y","01 Jan 01",""
"182","119048429RR0001","31 Dec 17",2017,"SHEENA","","MARINI","",23,"MINISTER","Y","01 Jan 01",""
"183","119048429RR0001","31 Dec 17",2017,"DONNA","","RAYTROWSKY","",23,"CHAIRMAN","Y","01 Jan 01",""
"184","119048429RR0001","31 Dec 17",2017,"JENNIFER","","SHAFTO","",23,"SECRETARY","Y","01 Jan 01",""
"185","119058691RR0001","30 Apr 17",2017,"KEN","","OLMSTEAD","",23,"DIRECTOR","N","13 Sep 16",""
"186","119058691RR0001","30 Apr 17",2017,"CLIFF","","SKARRATT","",23,"DIRECTOR","Y","13 Sep 16",""
"187","119058691RR0001","30 Apr 17",2017,"BERNT","","SOLYMAR","",23,"PAST-PRESIDENT","Y","08 Sep 15",""
"188","119058691RR0001","30 Apr 17",2017,"LEONARD","","GRINCEVICIUS","",23,"DIRECTOR","Y","11 Sep 14",""
"189","119058691RR0001","30 Apr 17",2017,"INGA","","HINNERICHEN","",23,"PRESIDENT","N","08 Sep 15",""
"190","119058691RR0001","30 Apr 17",2017,"ELEANOR","","CHITHALEN","",23,"SECRETARY","Y","11 Sep 14",""
"191","119058691RR0001","30 Apr 17",2017,"DAVID","","CURRY","W",23,"DIRECTOR","N","10 Sep 13",""
"192","119058691RR0001","30 Apr 17",2017,"DIANE","","SALTER","",23,"DIRECTOR","Y","01 Sep 05",""
"193","119058691RR0001","30 Apr 17",2017,"PETER","","CARSON","",23,"VICE-PRESIDENT","Y","11 Sep 12",""
"194","119058691RR0001","30 Apr 17",2017,"SUE","","OLMSTEAD","L",23,"DIRECTOR","N","08 Sep 15",""
"195","119058691RR0001","30 Apr 17",2017,"BARBARA","","HOURIGAN","R",23,"TREASURER","Y","11 Sep 14",""
"196","119058709RR0001","31 Mar 17",2017,"ELIZABETH","","ROTHERHAM","",23,"APPOINTED-EX-OFFICIO","Y","02 Sep 14",""
"197","119058709RR0001","31 Mar 17",2017,"JULIE","","BEAVER","",23,"DIRECTOR","Y","07 May 13","12 Jun 17"
"198","119058709RR0001","31 Mar 17",2017,"JULIE","","POWELL","",23,"STAFF","Y","22 May 12","22 May 17"
"199","119058709RR0001","31 Mar 17",2017,"NEIL","","SHAY","",23,"DIRECTOR","Y","07 May 13",""
"200","119058709RR0001","31 Mar 17",2017,"TOM","","WHITE","",23,"APPOINTED - EX-OFFICIO","Y","02 Sep 14",""
"201","119058709RR0001","31 Mar 17",2017,"KATE","","KNECTEL","",23,"DIRECTOR","Y","01 Jun 11","04 Apr 17"
"202","119058709RR0001","31 Mar 17",2017,"TOM","","THOMSON","",23,"TREASURER","Y","21 Jul 03",""
"203","119058709RR0001","31 Mar 17",2017,"SHANNON","","PORTER","",23,"DIRECTOR","Y","07 May 13",""
"204","119058709RR0001","31 Mar 17",2017,"GELBARD","","RICHARD","",23,"DIRECTOR","Y","01 Nov 16",""
"205","119058709RR0001","31 Mar 17",2017,"PETER","","POST","",23,"DIRECTOR","Y","01 Jun 07",""
"206","119058709RR0001","31 Mar 17",2017,"SANDY","","MCDONALD","",23,"DIRECTOR","Y","01 Jun 08",""
"207","119058709RR0001","31 Mar 17",2017,"PAUL","","HOSACK","",23,"CHAIR","Y","01 Jun 07",""
"208","119058709RR0001","31 Mar 17",2017,"KAREN","","OAKES","",23,"DIRECTOR","Y","15 Jun 09",""
"209","119058709RR0001","31 Mar 17",2017,"KELLY","","ISFAN","",23,"PRESIDENT/CEO","Y","05 Sep 11",""
"210","119058709RR0001","31 Mar 17",2017,"STEVE","","FLEXMAN","",23,"DIRECTOR","Y","01 Jun 11","22 Jun 17"
"211","119058709RR0001","31 Mar 17",2017,"JEFF","","GREENFIELD","",23,"DIRECTOR","Y","01 Jun 07",""
"212","119058709RR0001","31 Mar 17",2017,"RICK","","DUWYN","",23,"DIRECTOR","Y","03 Sep 13",""
"213","119066686RR0001","31 Dec 17",2017,"PAULA","","RASOKAS","",23,"CHAIR OF COUNCIL","Y","01 Jan 17",""
"214","119066686RR0001","31 Dec 17",2017,"DONALD","","MCKENZIE","",23,"TRUSTEE","Y","01 Jan 17",""
"215","119066686RR0001","31 Dec 17",2017,"GEORGE","","POND","",23,"TRUSTEE","","01 Jan 17",""
"216","119066686RR0001","31 Dec 17",2017,"THOMAS","","DAVIES","",23,"MINISTER","Y","01 Sep 17",""
"217","119066686RR0001","31 Dec 17",2017,"KAREN","","CULVER","",23,"TRUSTEE","Y","01 Jan 17",""
"218","119066686RR0001","31 Dec 17",2017,"BERNICE","","KOVACIK","",23,"TRUSTEE","Y","01 Jan 17",""
"219","119066686RR0001","31 Dec 17",2017,"PAUL","","CURRIE","G",23,"MINISTER","Y","01 Jan 17","30 Jun 17"
"220","119066686RR0001","31 Dec 17",2017,"CAROL","","SPROULE","M",23,"TREASURER","Y","01 Jan 17",""
"221","119109817RR0025","31 Dec 17",2017,"ALAN","","DUFRAIMONT","M",23,"PASTOR","Y","14 Mar 16",""
"222","119109817RR0025","31 Dec 17",2017,"JOE","","CZERLAU","",23,"FINANCE COMMITTEE CHAIR","N","28 Nov 16",""
"223","119109817RR0025","31 Dec 17",2017,"BETH","","ROCHE","",23,"PARISH COUNCIL CHAIR","N","01 Sep 13",""
"224","119109817RR0076","31 Dec 17",2017,"JOHN","","MCCOLL","R",23,"FINANCE COMMITTEE CHAIR","N","11 Nov 14",""
"225","119109817RR0076","31 Dec 17",2017,"ALAN","","DUFRAIMONT","M",23,"PASTOR","Y","14 Mar 16",""
"226","119109817RR0076","31 Dec 17",2017,"BETH","","ROCHE","",23,"PARISH COUNCIL CHAIR","N","01 Sep 13",""
"227","119145373RR0001","31 Mar 17",2017,"SCOTT","","MURRAY","",23,"DIRECTOR","Y","30 Dec 14","01 Jan 17"
"228","119145373RR0001","31 Mar 17",2017,"KEITH","","ASHBY","",23,"DIRECTOR","Y","29 Mar 16",""
"229","119145373RR0001","31 Mar 17",2017,"GARY","","DONALD","",23,"DIRECTOR","Y","30 Dec 14",""
"230","119145373RR0001","31 Mar 17",2017,"CAROLYN","","SYMES","",23,"EXECUTIVE DIRECTOR","Y","09 Feb 15","04 Jul 16"
"231","119145373RR0001","31 Mar 17",2017,"MARIAN","","WITH","",23,"PAST PRESIDENT","Y","01 Jun 11",""
"232","119145373RR0001","31 Mar 17",2017,"HUGH","","FERRIS","",23,"VICE PRESIDENT","Y","01 Jun 12",""
"233","119145373RR0001","31 Mar 17",2017,"MIKE","","RICKARD","",23,"PRESIDENT","Y","02 Jan 14",""
"234","119145373RR0001","31 Mar 17",2017,"PATRICIA","","BRADY-MILLER","",23,"SECRETARY","Y","30 Dec 14",""
"235","119150365RR0001","31 Dec 17",2017,"RONALD","","MULLIN","B",23,"PASTOR","Y","02 Aug 92",""
"236","119150365RR0001","31 Dec 17",2017,"LYAINE","","MULLIN","",23,"SECRETARY","Y","02 Aug 92",""
"237","119150365RR0001","31 Dec 17",2017,"LEVI","","GATES","",23,"BOARD MEMBER","Y","01 Sep 01",""
"238","119150365RR0001","31 Dec 17",2017,"WES","","BARKMAN","",23,"BOARD MEMBER","Y","13 Sep 13",""
"239","119150365RR0001","31 Dec 17",2017,"CHARLES","","MAYO","",23,"BOARD MEMBER","Y","10 Sep 15","31 Dec 17"
"240","119150365RR0001","31 Dec 17",2017,"MARTHA","","SZACH","",23,"CHAIRPERSON","Y","15 Sep 01",""
"241","119150407RR0001","30 Jun 17",2017,"JON","","JACQUES","",23,"1ST VICE PRESIDENT","Y","30 Jun 16","30 Jun 17"
"242","119150407RR0001","30 Jun 17",2017,"SANDRA","","FRASER","",23,"TREASURER","Y","26 Oct 15","30 Jun 16"
"243","119150407RR0001","30 Jun 17",2017,"SHARON","","STEELE","",23,"SECRETARY","Y","01 Jul 16","30 Jun 17"
"244","119150407RR0001","30 Jun 17",2017,"DAWN","","BARRON-BOMMARITO","",23,"PRESIDENT","Y","26 Oct 15","30 Jun 16"
"245","119150407RR0001","30 Jun 17",2017,"HEIDI","","BOWMAN","",23,"PAST PRESIDENT","Y","26 Oct 15","30 Jun 16"
"246","119150456RR0001","31 Dec 17",2017,"MARION","","ROBINSON","",23,"DIRECT AT LARGE","Y","01 Jan 17","31 Dec 17"
"247","119150456RR0001","31 Dec 17",2017,"LINDA","","CUMISKY","",23,"SECRETARY OF THE BOARD","","01 Jan 17","31 Dec 17"
"248","119150456RR0001","31 Dec 17",2017,"SHIRLEY","","EWING","",23,"DIRECT AT LARGE","","01 Jan 17","31 Dec 17"
"249","119150456RR0001","31 Dec 17",2017,"ANNE","","SMITH","",23,"PRESIDENT","Y","01 Jan 17","31 Dec 17"
"250","119150456RR0001","31 Dec 17",2017,"MARILYN","","GUIDON","",23,"DIRECTOR AT LARGE","Y","01 Jan 17","31 Dec 17"
"251","119150456RR0001","31 Dec 17",2017,"WAYNE","","BLAZEY","",23,"VICE-PRESIDENT","","01 Jan 17","31 Dec 17"
"252","119150456RR0001","31 Dec 17",2017,"HELEN","","LAPOINTE","",23,"TREASURER","Y","01 Jan 17","31 Dec 17"
"253","119150456RR0001","31 Dec 17",2017,"MARIAN","","WITH","",23,"DIRECTOR AT LARGE","","01 Jan 17","31 Dec 17"
"254","119150456RR0001","31 Dec 17",2017,"MARLENE","","SEAGER","",23,"DIRECTOR AT LARGE","Y","01 Jan 17","31 Dec 17"
"255","119154599RR0001","31 Dec 17",2017,"LAURIE","","MCGREGOR","G",23,"TREASURER","Y","27 Mar 10",""
"256","119154599RR0001","31 Dec 17",2017,"ANNETTE","","STUTZKI","",23,"DIRECTOR","","03 Apr 16",""
"257","119154599RR0001","31 Dec 17",2017,"KATHRYN","","AUNGER","S",23,"DIRECTOR","Y","13 Apr 14",""
"258","119154599RR0001","31 Dec 17",2017,"MATTHEW","","BOUGHNER","J",23,"DIRECTOR","Y","13 Apr 14",""
"259","119154599RR0001","31 Dec 17",2017,"SCOTT","","JONES","",23,"DIRECTOR","Y","01 Apr 17",""
"260","119154599RR0001","31 Dec 17",2017,"TIMOTHY","","FISHER","J",23,"SECRETARY","Y","13 Apr 13",""
"261","119154599RR0001","31 Dec 17",2017,"HARM","","BOETTCHER","C",23,"CHAIRPERSON","Y","13 Apr 13",""
"262","119213601RR0001","31 Dec 17",2017,"KEITH","","THOMPSON","",23,"ELDER","Y","01 Jan 01",""
"263","119213601RR0001","31 Dec 17",2017,"CHARLENE","","THOMPSON","",23,"TREASURER","Y","01 Jan 01",""
"264","119213601RR0001","31 Dec 17",2017,"DANIEL","","DEBACKERE","",23,"PASTOR","Y","01 Jan 01",""
"265","119247443RR0001","30 Sep 17",2017,"TOM","","PIERCE","M.",23,"TREASURER","Y","01 Oct 16","30 Sep 17"
"266","119247443RR0001","30 Sep 17",2017,"HEATHER","","FLEMING","C",23,"PRESIDENT","Y","01 Oct 16","30 Sep 17"
"267","119247443RR0001","30 Sep 17",2017,"SANDRA","","KAGOMA","",23,"BOARD MEMBER","Y","01 Oct 16","30 Sep 17"
"268","119247443RR0001","30 Sep 17",2017,"DAVID","","LENSON","F.",23,"BOARD MEMBER","Y","01 Oct 16","30 Sep 17"
"269","119247443RR0001","30 Sep 17",2017,"JENNIFER","","BLACKWELL","",23,"STUDENT ASSISTANT","Y","01 Oct 16","30 Sep 17"
"270","119247443RR0001","30 Sep 17",2017,"LYNN","","WHETHAM","L.",23,"BOARD MEMBER","Y","01 Oct 16","30 Sep 17"
"271","119247443RR0001","30 Sep 17",2017,"LINDA","","MARTINUS","",23,"BOARD MEMBER","Y","01 Oct 16","30 Sep 17"
"272","119247443RR0001","30 Sep 17",2017,"KAREN","","WASACASE","J.",23,"BOARD MEMBER","Y","01 Oct 16","30 Sep 17"
"273","119247443RR0001","30 Sep 17",2017,"AMY","","LIGHTFOOT","",23,"BOARD MEMBER","Y","01 Oct 16","30 Sep 17"
"274","119259794RR0001","31 Oct 17",2017,"STEPHANIE","","VANDENBERG","",23,"SECRETARY","Y","29 May 17",""
"275","119259794RR0001","31 Oct 17",2017,"BRUCE","","SCHOFF","",23,"DIRECTOR","Y","25 Mar 02",""
"276","119259794RR0001","31 Oct 17",2017,"RON","","RICHARDS","",23,"DIRECTOR","Y","01 Nov 10",""
"277","119259794RR0001","31 Oct 17",2017,"COLLEEN","","ADAMS","",23,"TREASURER","Y","30 Mar 00",""
"278","119259794RR0001","31 Oct 17",2017,"LEN","","ADDLEY","",23,"EXECUTIVE DIRECTOR","Y","17 Jan 12",""
"279","119259794RR0001","31 Oct 17",2017,"BRAD","","ALLENDER","",23,"DIRECTOR","Y","26 Mar 14",""
"280","119259794RR0001","31 Oct 17",2017,"SHAWN","","SWARTS","",23,"DIRECTOR","Y","31 Jan 07",""
"281","119259794RR0001","31 Oct 17",2017,"ROBERT","","JUDD","",23,"DIRECTOR","Y","26 Mar 14",""
"282","119259794RR0001","31 Oct 17",2017,"CATHERINE","","MALONEY","J",23,"DIRECTOR","Y","01 Nov 15",""
"283","119259794RR0001","31 Oct 17",2017,"BART","","CRANDON","",23,"DIRECTOR","Y","31 Jan 07",""
"284","119259794RR0001","31 Oct 17",2017,"MICHAEL","","FREDERICKS","",23,"CHAIRMAN","Y","30 Jan 06",""
"285","119259794RR0001","31 Oct 17",2017,"PHILIPP","","POSS","",23,"DIRECTOR","Y","29 May 17",""
"286","119259794RR0001","31 Oct 17",2017,"MARC","","VANDEN BUSSCHE","",23,"DIRECTOR","Y","31 Jan 07",""
"287","119262368RR0001","28 Feb 17",2017,"GARY","","HAVILAND","",23,"TREASURER","Y","12 Feb 15",""
"288","119262368RR0001","28 Feb 17",2017,"JJ","","KNOTT","",23,"PRESIDENT","Y","12 Jan 09",""
"289","119262368RR0001","28 Feb 17",2017,"DOUG","","DAVIS","",23,"DIRECTOR","Y","01 Mar 16",""
"290","119262368RR0001","28 Feb 17",2017,"GARY","","MCCONNELL","",23,"DIRECTOR","Y","06 Jan 02",""
"291","119262368RR0001","28 Feb 17",2017,"PERRY","","WILLSON","",23,"CORRESPONDENCE SECRETARY","Y","09 Jan 00",""
"292","119262368RR0001","28 Feb 17",2017,"IAN","","MADGE","",23,"PAST PRESIDENT","Y","12 Jan 07",""
"293","119262368RR0001","28 Feb 17",2017,"BILL","","RENTON","",23,"SECRETARY","Y","01 Mar 15",""
"294","119262368RR0001","28 Feb 17",2017,"JOHN","","DYCK","",23,"DIRECTOR","Y","01 Mar 15","01 Feb 16"
"295","119262368RR0001","28 Feb 17",2017,"SCOTT","","TOMLINSON","",23,"PAST PRESIDENT","Y","12 Feb 15",""
"296","119262368RR0001","28 Feb 17",2017,"BOB","","CASTLES","",23,"DIRECTOR","Y","01 Mar 15","01 Feb 16"
"297","119273282RR0001","31 Dec 17",2017,"AUDREY","","FRANCIS","J",23,"TRUSTEE","N","26 Jan 14",""
"298","119273282RR0001","31 Dec 17",2017,"GARRY","","CAUGHILL","O",23,"TRUSTEE","N","26 Jan 14",""
"299","119273282RR0001","31 Dec 17",2017,"JEFFERY","","CROWLEY","S",23,"TRUSTEE","Y","26 Jan 14",""
"300","119286938RR0001","31 Dec 17",2017,"BARRA","","GOTS","",23,"SECRETARY","N","04 May 09",""
"301","119286938RR0001","31 Dec 17",2017,"EDWARD","","KIERNAN","",23,"PRESIDENT","Y","05 May 15",""
"302","119286938RR0001","31 Dec 17",2017,"LOUIS","","CRAIG","",23,"DIRECTOR","Y","28 Nov 94",""
"303","119286938RR0001","31 Dec 17",2017,"JOHN","","GOTS","G",23,"TREASURER","N","04 May 09",""
"304","119286938RR0001","31 Dec 17",2017,"SUETYIN (ELSA)","","KWOK","",23,"DIRECTOR","Y","29 Apr 17",""
"305","119286938RR0001","31 Dec 17",2017,"IYAN","","PALMER","",23,"ASSISTANT TREASURER","N","05 May 15",""
"306","119286938RR0001","31 Dec 17",2017,"JANET","","PALMER","",23,"VICE-PRESIDENT","N","05 May 15",""
"307","119286938RR0001","31 Dec 17",2017,"ASHLEY","","SNIVELY","",23,"DIRECTOR","Y","15 Apr 16","31 Dec 17"
"308","119286938RR0001","31 Dec 17",2017,"ELIZABTH CHRISTINA","","CZUZ-O'MALLEY","",23,"DIRECTOR","Y","05 May 15",""
"309","123508087RR0001","30 Nov 17",2017,"CINDY","","SMITH","",23,"DIRECTOR","","01 Jan 01",""
"310","123508087RR0001","30 Nov 17",2017,"SHARON","","PETHERAM","",23,"DIRECTOR","","01 Jan 01",""
"311","123508087RR0001","30 Nov 17",2017,"ANNA","","MAERZ","",23,"BOARD SECRETARY","","01 Jan 01",""
"312","123508087RR0001","30 Nov 17",2017,"VINCE","","NYITRAY","",23,"DIRECTOR","","01 Jan 01",""
"313","123508087RR0001","30 Nov 17",2017,"BRAD","","NUNN","",23,"DIRECTOR","","01 Jan 01",""
"314","123508087RR0001","30 Nov 17",2017,"PERCY","","MCNABB","",23,"DIRECTOR","","01 Jan 01",""
"315","123508087RR0001","30 Nov 17",2017,"WALTER","","PETHERAM","",23,"DIRECTOR","","01 Jan 01",""
"316","123508087RR0001","30 Nov 17",2017,"GEORGE","","ARAUJO","",23,"TREASURER","","01 Jan 01",""
"317","123508087RR0001","30 Nov 17",2017,"DAN","","TAYLOR","",23,"DIRECOTR","","01 Jan 01",""
"318","123508087RR0001","30 Nov 17",2017,"AARON","","CULVER","",23,"1ST VICE-PRESIDENT","","01 Jan 01",""
"319","123508087RR0001","30 Nov 17",2017,"MARK","","JACOBS","",23,"DIRECTOR","","01 Jan 01",""
"320","123508087RR0001","30 Nov 17",2017,"PATRICIA","","DOUEL","",23,"DIRECTOR","","01 Jan 01",""
"321","123508087RR0001","30 Nov 17",2017,"PATTY","","PICARD","",23,"DIRECTOR","","01 Jan 01",""
"322","123508087RR0001","30 Nov 17",2017,"STEVEN","","BALCOMB","",23,"DIRECTOR","","01 Jan 01",""
"323","123508087RR0001","30 Nov 17",2017,"SHARON","","JUDD","",23,"DIRECTOR","","01 Jan 01",""
"324","123508087RR0001","30 Nov 17",2017,"DEB","","MORRISON","",23,"2ND VICE-PRESIDENT","","01 Jan 01",""
"325","123508087RR0001","30 Nov 17",2017,"VICKI","","CORK","",23,"DIRECTOR","","01 Jan 01",""
"326","123508087RR0001","30 Nov 17",2017,"KYLE","","WOOLLEY","",23,"DIRECTOR","","01 Jan 01",""
"327","123508087RR0001","30 Nov 17",2017,"MIKE","","BOLLERT","",23,"DIRECTOR","","01 Jan 01",""
"328","123508087RR0001","30 Nov 17",2017,"ALAN","","DUTHIE","",23,"PAST PRESIDENT","","01 Jan 01",""
"329","123508087RR0001","30 Nov 17",2017,"BRIAN","","KENNEY","",23,"PRESIDENT","","01 Jan 01",""
"330","123508087RR0001","30 Nov 17",2017,"CRAIG","","SMITH","",23,"DIRECTOR","","01 Jan 01",""
"331","123508087RR0001","30 Nov 17",2017,"MORRIS","","BARLETT","",23,"DIRECTOR","","01 Jan 01",""
"332","126211499RR0001","31 Mar 17",2017,"HELEN","","BUTTON","",23,"SECRETARY","Y","15 Jun 16","15 Jun 26"
"333","126211499RR0001","31 Mar 17",2017,"RALPH","","SAVAGE","",23,"DIRECTOR","Y","13 Jun 12","13 Jun 15"
"334","126211499RR0001","31 Mar 17",2017,"CAROL","","PURSLOW","",23,"VICE PRESIDENT","Y","15 Jun 16","16 Nov 17"
"335","126211499RR0001","31 Mar 17",2017,"HELEN","","LINDSAY","",23,"","","17 Feb 17","17 Feb 27"
"336","126211499RR0001","31 Mar 17",2017,"CAM","","BENOIT","",23,"DIRECTOR","Y","15 Nov 15","15 Jun 27"
"337","126211499RR0001","31 Mar 17",2017,"FRANCISS","","DYKSTRA","",23,"PRESIDENT","Y","11 Jun 15","14 Jun 25"
"338","126211499RR0001","31 Mar 17",2017,"LAURIE","","RICHARDS","",23,"","Y","15 Jun 16","15 Jun 26"
"339","126211499RR0001","31 Mar 17",2017,"CLAIR","","MORRISSEY","",23,"DIRECTOR","Y","15 Jun 16","15 Jun 28"
"340","129955290RR0001","31 Dec 17",2017,"SCOTT","","JENSEN","",23,"DIRECTOR","Y","22 Mar 12","29 Mar 17"
"341","129955290RR0001","31 Dec 17",2017,"MICHELE","","GRANT","",23,"DIRECTOR","Y","06 Apr 16",""
"342","129955290RR0001","31 Dec 17",2017,"ANDY","","BLACKWOOD","",23,"PRESIDENT","Y","02 Aug 12",""
"343","129955290RR0001","31 Dec 17",2017,"CHRISTOPHER","","THOMAS","",23,"DIRECTOR","Y","25 Mar 07",""
"344","129955290RR0001","31 Dec 17",2017,"HELEN","","EUBANK","",23,"DIRECTOR","Y","22 Mar 17",""
"345","129955290RR0001","31 Dec 17",2017,"GRANT","","BURR","",23,"TREASURER","Y","15 Mar 14",""
"346","129955290RR0001","31 Dec 17",2017,"LYNN","","PALERMO","",23,"DIRECTOR","Y","04 Apr 13","01 Feb 17"
"347","129955290RR0001","31 Dec 17",2017,"ANDREW","","KICAK","",23,"DIRECTOR","Y","11 Mar 17",""
"348","129955290RR0001","31 Dec 17",2017,"KEITHA","","DAVIS","",23,"PAST PRESIDENT","Y","14 Mar 10","01 Feb 17"
"349","129955290RR0001","31 Dec 17",2017,"DIANE","","CLARK","",23,"SECRETARY","Y","25 Mar 07","01 Mar 17"
"350","129955290RR0001","31 Dec 17",2017,"JIM","","DOVER","",23,"SECRETARY","Y","22 Mar 17",""
"351","129955290RR0001","31 Dec 17",2017,"PETER","","BLACK","",23,"DIRECTOR","Y","03 Apr 14",""
"352","130224264RR0001","31 Dec 17",2017,"JOHN","","TAYLOR","",23,"DIRECTOR","Y","01 Dec 16",""
"353","130224264RR0001","31 Dec 17",2017,"GARY","","REYNOLDS","B",23,"DIRECTOR CHAIRMAN","Y","01 Dec 16",""
"354","130224264RR0001","31 Dec 17",2017,"DAVE","","SNIVELY","",23,"DIRECTOR","Y","01 Dec 13",""
"355","130224264RR0001","31 Dec 17",2017,"TIM","","SMITH","A",23,"DIRECTOR/SECRETARY","Y","30 Nov 17",""
"356","130224264RR0001","31 Dec 17",2017,"G KEITH","","SHAY","",23,"DIRECTOR","Y","26 Jan 85","31 Dec 17"
"357","130224264RR0001","31 Dec 17",2017,"FLOYD","","NIE","",23,"DIRECTOR","Y","01 Dec 10",""
"358","130224264RR0001","31 Dec 17",2017,"H. ANDREW","","SLATER","",23,"DIRECTOR","Y","30 Nov 17",""
"359","130224264RR0001","31 Dec 17",2017,"TERRY","","BERGSMA","",23,"DIRECTOR","Y","01 Dec 15","30 Nov 17"
"360","130224264RR0001","31 Dec 17",2017,"MICHAEL","","KEKES","J",23,"DIRECTOR SECRETARY","Y","01 Dec 14","30 Nov 17"
"361","130224264RR0001","31 Dec 17",2017,"ROY","","HAVILAND","",23,"DIRECTOR","Y","01 Dec 13","30 Nov 17"
"362","130224264RR0001","31 Dec 17",2017,"ADAM","","BUTCHER","R",23,"DIRECTOR","Y","30 Nov 17",""
"363","130224264RR0001","31 Dec 17",2017,"WERNER","","ZURBUCHEN","",23,"DIRECTOR","Y","01 Dec 11",""
"364","130224264RR0001","31 Dec 17",2017,"RHEA","","NIE","M",23,"TREASURER","Y","01 Jan 18",""
"365","131809204RR0001","31 Mar 17",2017,"JENNIE","","CHANDA","C",23,"PRESIDENT","Y","30 Jun 08",""
"366","131809204RR0001","31 Mar 17",2017,"AL","","WINGER","",23,"TREASURER","Y","24 Jun 13",""
"367","131809204RR0001","31 Mar 17",2017,"DAN","","WAGNER","",23,"VICE PRESIDENT","Y","17 Sep 13",""
"368","131809204RR0001","31 Mar 17",2017,"TONY","","CHEN","",23,"DIRECTOR","Y","23 Jun 16",""
"369","131809204RR0001","31 Mar 17",2017,"CARL","","MAYNARD","",23,"DIRECTOR","Y","24 Jun 13",""
"370","131809204RR0001","31 Mar 17",2017,"PETER","","PETERSON","",23,"DIRECTOR","Y","17 Sep 13",""
"371","131809204RR0001","31 Mar 17",2017,"KIT","","JULIAN","",23,"DIRECTOR","Y","30 Jun 16","16 Jun 16"
"372","131809204RR0001","31 Mar 17",2017,"JUDY","","BUCK","",23,"DIRECTOR","Y","30 Jun 16","16 Jun 16"
"373","131809204RR0001","31 Mar 17",2017,"SHERRY","","BARKER","",23,"DIRECTOR","Y","30 Jun 16",""
"374","132410671RR0354","31 Dec 17",2017,"EDWARD","","O'NEAIL","",23,"DIRECTOR","Y","01 Jan 09",""
"375","132410671RR0354","31 Dec 17",2017,"ERLAND","","LAMPMAN","P",23,"DIRECTOR","Y","01 Jan 00",""
"376","132410671RR0354","31 Dec 17",2017,"SANDY","","SLAGHT-MASSCHAELE","L",23,"PRESIDENT","N","01 Jan 03",""
"377","132410671RR0354","31 Dec 17",2017,"THOMAS","","MASSCHAELE","",23,"RECORDING SECRETARY","N","01 Jan 08",""
"378","132410671RR0354","31 Dec 17",2017,"EDWARD","","MCCARTHY","",23,"DIRECTOR","Y","01 Jan 04",""
"379","132410671RR0354","31 Dec 17",2017,"DONALD","","CHECHAK","J",23,"TREASURER","Y","01 Jan 06",""
"380","132410671RR0411","31 Dec 17",2017,"ANDREW","","VANDERPOST","",23,"TREASURER","Y","01 Jun 12",""
"381","132410671RR0411","31 Dec 17",2017,"LUCIO","","COUTO","X",23,"PASTOR, SPIRITUAL ADVISOR","Y","01 Apr 11",""
"382","132410671RR0411","31 Dec 17",2017,"EDWARD","","GASCOIGNE","G",23,"PRESIDENT","Y","12 Sep 16",""
"383","132410671RR0411","31 Dec 17",2017,"MILDRED","","FARRELL","L",23,"SECRETARY","Y","01 Jun 12",""
"384","132410671RR0411","31 Dec 17",2017,"KENNETH","","KOWALSKY","G",23,"PAST PRESIDENT","Y","01 Jan 17",""
"385","132410671RR0411","31 Dec 17",2017,"ALLEN","","DUFRAIMONT","M",23,"PASTOR, SPIRITUAL ADVISOR","Y","01 Jan 13",""
"386","132410671RR0411","31 Dec 17",2017,"GERARD","","VANSCHYNDEL","",23,"SPIRITUAL ADVISOR","Y","11 Feb 16",""
"387","132410671RR0411","31 Dec 17",2017,"JOHN","","CHECHAK","",23,"VICE-PRESIDENT","Y","01 Jan 17",""
"388","132975038RR0001","31 Dec 17",2017,"MARY","","MERCATO","",23,"DIRECTOR","Y","14 Sep 16",""
"389","132975038RR0001","31 Dec 17",2017,"BRENDA","","LYNE","",23,"VICE PRESIDENT","Y","16 Sep 13","21 Nov 17"
"390","132975038RR0001","31 Dec 17",2017,"LORI","","BURROUGHS-MILLER","",23,"DIRECTOR","Y","10 Jun 15","15 Jun 17"
"391","132975038RR0001","31 Dec 17",2017,"BARB","","BOYKO","",23,"PRESIDENT","Y","12 Jun 13","16 Jun 16"
"392","132975038RR0001","31 Dec 17",2017,"DOUG","","MILLER","",23,"DIRECTOR","Y","12 Jun 13",""
"393","132975038RR0001","31 Dec 17",2017,"LEAH","","VANTIL","",23,"TREASURER-SECRETARY","Y","12 Jun 13",""
"394","132975038RR0001","31 Dec 17",2017,"SHIRLEY","","FLEMING","",23,"DIRECTOR","Y","14 Sep 16",""
"395","132975038RR0001","31 Dec 17",2017,"MEGAN","","SOLES","",23,"PRESIDENT","Y","12 Jun 13",""
"396","803402692RR0001","31 Dec 17",2017,"GERALD","","KOTT","",23,"CHAIRMAN","Y","01 Jan 01","31 Dec 17"
"397","803402692RR0001","31 Dec 17",2017,"HEATHER","","JACKSON-DAVIES","",23,"DIRECTOR","","01 Jan 01","31 Dec 17"
"398","803402692RR0001","31 Dec 17",2017,"DAVID","","UPSHALL","",23,"TREASURER","Y","01 Jan 01","31 Dec 17"
"399","803402692RR0001","31 Dec 17",2017,"NANCY","","SHERWIN","",23,"DIRECTOR","Y","01 Jan 01","31 Dec 17"
"400","819523317RR0001","31 Dec 17",2017,"JANE","","HYDE-DAWSON","",23,"DIRECTOR","N","01 Jan 01",""
"401","819523317RR0001","31 Dec 17",2017,"JACOB","","ROBINSON","",23,"DIRECTOR","N","01 Jan 01",""
"402","819523317RR0001","31 Dec 17",2017,"LES","","ANDERSON","",23,"DIRECTOR","N","01 Jan 01",""
"403","819523317RR0001","31 Dec 17",2017,"HEATHER","","KING","",23,"VICE CHAIRPERSON","N","01 Jan 01",""
"404","819523317RR0001","31 Dec 17",2017,"JEAN","","MONTGOMERY","",23,"DIRECTOR","N","01 Jan 01",""
"405","819523317RR0001","31 Dec 17",2017,"SUSIE","","WRAY","",23,"NORFOLK COUNTY REP","N","01 Jan 01",""
"406","819523317RR0001","31 Dec 17",2017,"MARK","","BOERKAMP","",23,"CHAIRPERSON","N","01 Jan 01",""
"407","819523317RR0001","31 Dec 17",2017,"LISA","","TIMPF","",23,"DIRECTOR","N","01 Jan 01",""
"408","819523317RR0001","31 Dec 17",2017,"FRANK","","GELINAS","",23,"TREASURER","N","01 Jan 01",""
"409","819523317RR0001","31 Dec 17",2017,"SANDY","","SMITH","",23,"SECRETARY","N","01 Jan 01",""
"410","819523317RR0001","31 Dec 17",2017,"ROB","","LANING","",23,"DIRECTOR","N","01 Jan 01",""
"411","819523317RR0001","31 Dec 17",2017,"MIKE","","DUNBAR","",23,"DIRECTOR","N","01 Jan 01",""
"412","819523317RR0001","31 Dec 17",2017,"AL","","HAGERMAN","",23,"DIRECTOR","N","01 Jan 01",""
"413","819523317RR0001","31 Dec 17",2017,"DON","","STEWART","",23,"PAST CHAIRPERSON","N","01 Jan 01",""
"414","819523317RR0001","31 Dec 17",2017,"RALPH","","COURRIER","",23,"DIRECTOR","N","01 Jan 01",""
"415","823065370RR0001","31 Dec 17",2017,"PAUL","","HERREWYEN","",23,"MEMBER","Y","28 Sep 13",""
"416","823065370RR0001","31 Dec 17",2017,"KRISTEN","","GHESQUIRE","J",23,"SECRETARY","Y","01 Jan 10",""
"417","823065370RR0001","31 Dec 17",2017,"VIRGINIA","","BENNER","D",23,"CHAIR","Y","01 Jan 12",""
"418","823065370RR0001","31 Dec 17",2017,"BOB","","VAN WINGERDEN","",23,"MEMBER","Y","01 Dec 15",""
"419","823065370RR0001","31 Dec 17",2017,"JACQULINE","","SLATER","",23,"MEMBER","Y","01 Oct 16",""
"420","823065370RR0001","31 Dec 17",2017,"MARK","","STEWART","F",23,"TREASURER","Y","01 Jan 10",""
"421","823065370RR0001","31 Dec 17",2017,"HEATHER","","SMITH","",23,"MEMBER","Y","07 Mar 13","20 Apr 17"
"422","825366230RR0001","31 Dec 17",2017,"NANCY","","CARROLL","",23,"DIRECTOR","Y","14 Apr 16",""
"423","825366230RR0001","31 Dec 17",2017,"ANTHONY","","STAM","",23,"DIRECTOR","N","01 Jan 15",""
"424","825366230RR0001","31 Dec 17",2017,"HEIDI","","MUNGAL","",23,"DIRECTOR","Y","14 Apr 16",""
"425","825366230RR0001","31 Dec 17",2017,"VIRGINIA","","LUCAS","",23,"TREASURER","Y","01 Jan 15",""
"426","825366230RR0001","31 Dec 17",2017,"JOHN","","KOWTECKY","",23,"SECRETARY","Y","14 Apr 16",""
"427","825366230RR0001","31 Dec 17",2017,"ERIC","","HAVERKAMP","P",23,"PRESIDENT","Y","09 Apr 15",""
"428","825366230RR0001","31 Dec 17",2017,"VICKIE","","STAM","",23,"DIRECTOR","N","01 Jan 15",""
"429","826621161RR0001","31 Dec 17",2017,"ROSE","","PLANTE","J",23,"VICE-PRESIDENT","Y","01 Jan 10",""
"430","826621161RR0001","31 Dec 17",2017,"GAIL","","MARSDEN","J",23,"SECRETARY","Y","22 Aug 07",""
"431","826621161RR0001","31 Dec 17",2017,"ALANA","","GOETZ","J",23,"","","22 Aug 07",""
"432","831502059RR0001","31 Dec 17",2017,"BOBBIE JO","","GRIFFIN","",23,"DIRECTOR","Y","01 Jan 17","31 Dec 17"
"433","831502059RR0001","31 Dec 17",2017,"JOHN","","DAVIES","",23,"TREASURER","Y","01 Jan 17","31 Dec 17"
"434","831502059RR0001","31 Dec 17",2017,"CHARLENE","","CLELAND","",23,"DIRECTOR","Y","01 Jan 17","31 Dec 17"
"435","831502059RR0001","31 Dec 17",2017,"BONNIE","","WARDELL","",23,"DIRECTOR","Y","01 Jan 17","31 Dec 17"
"436","831502059RR0001","31 Dec 17",2017,"CHERIE","","SZUCS","M",23,"EXECUTIVE DIRECTOR","Y","01 Jan 17","31 Dec 17"
"437","831502059RR0001","31 Dec 17",2017,"LISA","","ENGELHARD-ROBINSON","",23,"DIRECTOR","Y","01 Jan 17","31 Dec 17"
"438","833705304RR0001","31 Dec 17",2017,"JOHN","","MORRISSEY","",23,"DIRECTOR","Y","13 Feb 17",""
"439","833705304RR0001","31 Dec 17",2017,"CARMEN","","DAVIS","R",23,"DIRECTOR","Y","04 Jun 12",""
"440","833705304RR0001","31 Dec 17",2017,"ROBIN","","DE SETTANO DECLOET","R",23,"DIRECTOR","Y","12 Feb 18",""
"441","833705304RR0001","31 Dec 17",2017,"WANDA","","BACKUS-KELLY","L",23,"VICE-CHAIR","Y","20 Jan 12","12 Feb 18"
"442","833705304RR0001","31 Dec 17",2017,"KARLA","","FALK","J",23,"DIRECTOR","Y","13 Feb 17",""
"443","833705304RR0001","31 Dec 17",2017,"FRANK","","YALAKSA","W",23,"DIRECTOR","Y","15 Apr 13",""
"444","833705304RR0001","31 Dec 17",2017,"ED","","DERTINGER","C",23,"CHAIR","Y","04 Jun 12",""
"445","833705304RR0001","31 Dec 17",2017,"BERNT","","SOLYMAR","D",23,"EXECUTIVE DIRECTOR/TREASURER","Y","05 Jun 12",""
"446","833705304RR0001","31 Dec 17",2017,"RICK","","DOWSAN","C",23,"DIRECTOR","Y","20 Jan 12","16 Oct 17"
"447","833705304RR0001","31 Dec 17",2017,"MARIE","","POSS","N",23,"DIRECTOR","Y","11 Dec 17",""
"448","833705304RR0001","31 Dec 17",2017,"LISA","","VANDENEECKHAUT","M",23,"DIRECTOR","Y","13 Feb 17",""
"449","833705304RR0001","31 Dec 17",2017,"JENNIFER","","SCHOOLEY","L",23,"SECRETARY","Y","21 Sep 15",""
"450","834443327RR0001","31 Dec 17",2017,"LINDA","","CRIPPS","",23,"DIRECTOR","Y","29 Aug 15",""
"451","834443327RR0001","31 Dec 17",2017,"CHESTER","","VAN NESS","",23,"DIRECTOR","Y","16 May 11",""
"452","834443327RR0001","31 Dec 17",2017,"DEBRA","","HAVILAND","",23,"DIRECTOR","Y","16 May 11",""
"453","834443327RR0001","31 Dec 17",2017,"PAUL","","BABCOCK","",23,"DIRECTOR","Y","01 Jan 10",""
"454","834443327RR0001","31 Dec 17",2017,"DAVID","","BRADSHAW","",23,"DIRECTOR","Y","29 Mar 15",""
"455","834443327RR0001","31 Dec 17",2017,"BONNIE","","BROWN","",23,"DIRECTOR","Y","05 Jun 17",""
"456","850571589RR0001","31 Aug 17",2017,"LYNDSEY","","ROSS","",23,"SECRETARY","Y","28 Apr 10",""
"457","850571589RR0001","31 Aug 17",2017,"SUSAN","","BALDOCK","",23,"DIRECTOR","Y","29 Jan 09",""
"458","850571589RR0001","31 Aug 17",2017,"GAIL","","CATHERWOOD","",23,"PRESIDENT","Y","29 Apr 10",""
"459","850571589RR0001","31 Aug 17",2017,"JILL","","HOGEVEEN","",23,"TREASURER","Y","15 Sep 17",""
"460","850571589RR0001","31 Aug 17",2017,"MARY","","ARGO","C",23,"ASSISTANT TREASURER","Y","14 Feb 12",""
"461","850571589RR0001","31 Aug 17",2017,"SEAN","","ARMSTRONG","D",23,"DIRECTOR","Y","09 Apr 07",""
"462","860368232RR0001","31 Dec 17",2017,"CARSTEN","","BARR KLOUMAN","",23,"TRUSTEE","Y","01 Jan 09",""
"463","860368232RR0001","31 Dec 17",2017,"MARLENE","","HENRY","",23,"TRUSTEE","Y","01 Jan 09",""
"464","860368232RR0001","31 Dec 17",2017,"TIM","","SMITH","",23,"EXEC. DIRECTOR-NOT A TRUSTEE","N","01 Jan 09",""
"465","860368232RR0001","31 Dec 17",2017,"WANDA","","SMITH","",23,"TRUSTEE","N","01 Jan 09",""
"466","860368232RR0001","31 Dec 17",2017,"AUSTIN","","SMITH","",23,"TRUSTEE","Y","01 Jan 09",""
"467","860884337RR0001","31 Dec 17",2017,"TREVOR","","NICHOL","",23,"DIRECTOR","Y","15 Oct 16",""
"468","860884337RR0001","31 Dec 17",2017,"JEREMY","","RENTON","",23,"DIRECTOR","Y","27 Sep 12",""
"469","860884337RR0001","31 Dec 17",2017,"ANNA","","WILSON","",23,"DIRECTOR","Y","03 Mar 14",""
"470","860884337RR0001","31 Dec 17",2017,"ELAINE","","WOLOSHYN","",23,"DIRECTOR","Y","15 Sep 03",""
"471","860884337RR0001","31 Dec 17",2017,"DIANE","","VROOMAN","",23,"TREASURER","Y","27 Sep 01",""
"472","860884337RR0001","31 Dec 17",2017,"GARY","","MONTGOMERY","",23,"DIRECTOR","Y","22 Oct 16",""
"473","868922691RR0001","30 Jun 17",2017,"GAIL","","CATHERWOOD","",23,"PRESIDENT-ELECT (VP)","Y","01 Jul 16","30 Jun 17"
"474","868922691RR0001","30 Jun 17",2017,"SUE","","O'DWYER","",23,"TREASURER","Y","01 Jul 16","30 Jun 17"
"475","868922691RR0001","30 Jun 17",2017,"JEFF","","MEREWEATHER","",23,"PAST-PRESIDENT","Y","01 Jul 16","30 Jun 17"
"476","868922691RR0001","30 Jun 17",2017,"NANCY","","SHERWIN","",23,"SECRETARY","Y","01 Jul 15","30 Jun 16"
"477","868922691RR0001","30 Jun 17",2017,"MARJORIE","","DAWSON","",23,"PRESIDENT","Y","01 Jul 16","30 Jun 17"
"478","869871590RR0001","31 Dec 17",2017,"ANNE","","BROCK","",23,"SECRETARY","N","01 Jan 14",""
"479","869871590RR0001","31 Dec 17",2017,"PATRICIA","","ALLEN","",23,"TREASURER","N","01 Jan 06",""
"480","869871590RR0001","31 Dec 17",2017,"KARL","","ALLEN","",23,"PRESIDENT","N","01 Jan 06",""
"481","887389997RR0001","31 Oct 17",2017,"DIANE","","LUKE","",23,"DIRECTOR","Y","01 Nov 16","31 Oct 17"
"482","887389997RR0001","31 Oct 17",2017,"DAVE","","CHALLEN","",23,"DIRECTOR","Y","01 Nov 16","31 Oct 17"
"483","887389997RR0001","31 Oct 17",2017,"CHARLIE","","UPSHALL","",23,"DIRECTOR","Y","01 Nov 16","31 Oct 17"
"484","887389997RR0001","31 Oct 17",2017,"PHILLIP","","ROSS","",23,"DIRECTOR","Y","01 Nov 16","31 Oct 17"
"485","887389997RR0001","31 Oct 17",2017,"MIKE","","DAVIS","",23,"SECRETARY","Y","01 Nov 16","31 Oct 17"
"486","887389997RR0001","31 Oct 17",2017,"DAN","","ROBINSON","",23,"DIRECTOR","Y","01 Nov 16","31 Oct 17"
"487","887389997RR0001","31 Oct 17",2017,"PAUL","","BEISHLAG","",23,"PRESIDENT","Y","01 Nov 16","31 Oct 17"
"488","887389997RR0001","31 Oct 17",2017,"SCOTT","","FLETCHER","",23,"DIRECTOR","Y","01 Nov 16","31 Oct 17"
"489","887389997RR0001","31 Oct 17",2017,"PETER","","MUNZAR","J",23,"TREASURER","Y","01 Nov 16","31 Oct 17"
"490","887389997RR0001","31 Oct 17",2017,"JAMES","","CHRISTISON","",23,"DIRECTOR","Y","01 Nov 16","31 Oct 17"
"491","889710844RR0002","31 Dec 17",2017,"SHEILA","","HASTIE","G",23,"PEOPLE'S WARDEN","Y","26 Jan 17","26 Jan 18"
"492","889710844RR0002","31 Dec 17",2017,"GRANT","","SCHULTZ","",23,"RECTOR'S WARDEN","Y","26 Jan 17","26 Jan 17"
"493","889819827RR0001","31 Dec 17",2017,"TERRY","","KONDRAT","",23,"PAST-CHAIR","Y","30 Mar 15",""
"494","889819827RR0001","31 Dec 17",2017,"BEN","","VAN PAEMEL","",23,"VICE-CHAIR","Y","30 Mar 15",""
"495","889819827RR0001","31 Dec 17",2017,"MARK","","JACOBS","",23,"TREASURER","Y","30 Mar 09",""
"496","889819827RR0001","31 Dec 17",2017,"WENDY","","BRICK","",23,"SECRETARY","Y","31 Mar 08",""
"497","889819827RR0001","31 Dec 17",2017,"DIANE","","PERSALL","",23,"CHAIRMAN","Y","30 Mar 15",""
"498","890115546RR0001","31 Dec 17",2017,"DEB","","WHALEN","",23,"DIRECTOR","Y","25 Oct 13",""
"499","890115546RR0001","31 Dec 17",2017,"PATRICIA","","BLACK","",23,"DIRECTOR","Y","01 Jan 18",""
"500","890115546RR0001","31 Dec 17",2017,"MICHAEL","","BADAWAY","",23,"DIRECTOR","Y","01 Jun 16",""
"501","890115546RR0001","31 Dec 17",2017,"BRAD","","LINK","",23,"DIRECTOR","Y","24 Mar 16",""
"502","890115546RR0001","31 Dec 17",2017,"BEV","","HICKEY","",23,"SECRETARY","Y","01 Jan 01",""
"503","890115546RR0001","31 Dec 17",2017,"KATHY","","MARSHELL","",23,"DIRECTOR","Y","01 Jan 18",""
"504","890115546RR0001","31 Dec 17",2017,"RICHARD","","MAUDE","",23,"TREASURER","Y","30 Jun 16",""
"505","890115546RR0001","31 Dec 17",2017,"JUDY","","PHIBBS","",23,"VICE CHAIR","Y","12 Dec 12",""
"506","890115546RR0001","31 Dec 17",2017,"NEIL","","UNWIN","",23,"CHAIR","Y","27 May 10",""
"507","890435399RR0001","30 Jun 17",2017,"ALBERT","","MADILL","",23,"TREASURER","Y","01 Jan 01",""
"508","890435399RR0001","30 Jun 17",2017,"DAVID","","FERRIS","",23,"PRESIDENT","Y","01 Jan 01",""
"509","890435399RR0001","30 Jun 17",2017,"HADLEY","","JACKSON","",23,"VICE PRESIDENT","Y","01 Jan 01",""
"510","890435399RR0001","30 Jun 17",2017,"TIM","","FITZGERALD","",23,"PAST PRESIDENT","Y","01 Jan 01",""
"511","890435399RR0001","30 Jun 17",2017,"RICHARD","","CAMPBELL","",23,"SECRETARY","Y","01 Jan 01",""
"512","891398943RR0001","30 Jun 17",2017,"HEATHER","","REED","",23,"MEMBER AT LARGE","Y","01 Jul 15","30 Jun 17"
"513","891398943RR0001","30 Jun 17",2017,"JAMI","","CULLEN","",23,"ARTISTIC DIRECTOR","Y","01 Jul 15","30 Jun 17"
"514","891398943RR0001","30 Jun 17",2017,"CAROLYN","","HOOPER","",23,"TREASURER","Y","01 Jul 15","30 Jun 17"
"515","891398943RR0001","30 Jun 17",2017,"MARJUKKA","","SNIP","",23,"SECRETARY","Y","01 Jul 15","30 Jun 17"
"516","891398943RR0001","30 Jun 17",2017,"DAVID","","BATE","",23,"CO-CHAIR","Y","01 Jul 15","30 Jun 17"
"517","891398943RR0001","30 Jun 17",2017,"RALPH","","SAVAGE","",23,"FOUNDER","Y","01 Jan 01",""
"518","891398943RR0001","30 Jun 17",2017,"SABRINA","","VAN BROCKLIN","",23,"MEMBER AT LARGE","Y","01 Jul 15","30 Jun 17"
"519","891398943RR0001","30 Jun 17",2017,"KATHY","","CHAPMAN","",23,"PRESIDENT","Y","30 Jun 16","30 Jun 17"
"520","891453979RR0001","31 Dec 17",2017,"AL","","MARTENS","",23,"CHAIRPERSON","Y","19 May 11",""
"521","891453979RR0001","31 Dec 17",2017,"GWEN","","EMERSON","E",23,"DIRECTOR","Y","19 May 11",""
"522","891453979RR0001","31 Dec 17",2017,"DONALD","","EMERSON","H",23,"SECRETARY","Y","01 Jan 01",""
"523","891453979RR0001","31 Dec 17",2017,"JAMES","","LOWRY","A",23,"DIRECTOR","Y","01 Jan 01",""
"524","891453979RR0001","31 Dec 17",2017,"ANGELA","","MONTGOMERY","J",23,"DIRECTOR","Y","01 Jan 01",""
"525","891453979RR0001","31 Dec 17",2017,"BARBARA","","SHEPHERD","J",23,"DIRECTOR","Y","19 May 11",""
"526","891453979RR0001","31 Dec 17",2017,"KAREN","","GEERLING","",23,"TREASURER","Y","16 May 16",""
"527","891453979RR0001","31 Dec 17",2017,"DEBORAH","","MADILL","L",23,"VICE CHAIR","Y","20 May 14",""
"528","891453979RR0001","31 Dec 17",2017,"CLARENCE","","FINCH","",23,"DIRECTOR","Y","19 May 11",""
"529","891453979RR0001","31 Dec 17",2017,"DONALD","","GARDNER","F",23,"DIRECTOR","Y","01 Jan 01",""
"530","892177163RR0001","31 Dec 17",2017,"GENEVRA","","CAMPBELL","",23,"TRUSTEE","Y","01 Jan 17","31 Dec 17"
"531","892177163RR0001","31 Dec 17",2017,"JUDITH","","MACINTOSH","O",23,"TRUSTEE","Y","01 Jan 17","31 Dec 17"
"532","892462797RR0001","30 Jun 17",2017,"PETER","","BARRETT","",23,"VICE CHAIR","Y","01 Jan 13",""
"533","892462797RR0001","30 Jun 17",2017,"CHRISTOPHER","","EDWARDS","",23,"TREASURER","Y","01 Jul 09",""
"534","892462797RR0001","30 Jun 17",2017,"EMMA","","DEPNER","",23,"DIRECTOR","Y","01 Jan 01",""
"535","892662156RR0001","31 Mar 17",2017,"GORDON","","PERCIVAL","",23,"TREASURER VICECHAIR/VICE PRES","Y","17 Jun 15",""
"536","892662156RR0001","31 Mar 17",2017,"JODY","","MAHONEY","",23,"DIRECTOR","Y","18 Jun 14",""
"537","892662156RR0001","31 Mar 17",2017,"BRIAN","","MILLER","",23,"DIRECTOR EX-OFFICIO","Y","31 Mar 17",""
"538","892662156RR0001","31 Mar 17",2017,"PAUL","","MALETTA","",23,"DIRECTOR EX-OFFICIO","Y","19 Jun 13",""
"539","892662156RR0001","31 Mar 17",2017,"JILL","","FOSTER","",23,"PAST CHAIR/PAST PRESIDENT","Y","16 Jun 16",""
"540","892662156RR0001","31 Mar 17",2017,"NICK","","KOKKOROS","",23,"DIRECTOR - EX-OFFICIO","Y","17 Jun 15",""
"541","892662156RR0001","31 Mar 17",2017,"DIANNE","","PORCELLI","",23,"DIRECTOR TREASURER","Y","17 Jun 15",""
"542","892662156RR0001","31 Mar 17",2017,"MARY","","HOOVER","",23,"DIRECTOR","Y","16 Jun 16",""
"543","892662156RR0001","31 Mar 17",2017,"MARY","","PEEVER","",23,"DIRECTOR EX-OFFICIO","Y","18 Jun 14","31 Mar 17"
"544","892662156RR0001","31 Mar 17",2017,"PAT","","OSTAPCHUK","",23,"VICE PRESIDENTE/VICE CHAIR","Y","17 Jun 15",""
"545","892662156RR0001","31 Mar 17",2017,"REBECCA","","BELMORE","",23,"DIRECTOR","Y","17 Jun 15",""
"546","892662156RR0001","31 Mar 17",2017,"KELLY","","ISFAN","",23,"SECRETARY","Y","19 Sep 11",""
"547","894078872RR0001","31 Dec 17",2017,"MICHEAL","","HOLT","",23,"CLERGY","Y","01 Jan 17","31 Dec 17"
"548","894078872RR0001","31 Dec 17",2017,"ROBERT","","HURLEY","L",23,"VICE PRESIDENT","Y","01 Jan 17","31 Dec 17"
"549","894078872RR0001","31 Dec 17",2017,"ANDREW","","TAYLOR","",23,"PRESIDENT","Y","01 Jan 17","31 Dec 17"
"550","894078872RR0001","31 Dec 17",2017,"SEAN","","MCNAMARA","",23,"SECRETARY","Y","01 Jan 17","31 Dec 17"
"551","896060514RR0001","31 Dec 17",2017,"MEGAN","","WHELAN","",23,"DIRECTOR","Y","19 Sep 17",""
"552","896060514RR0001","31 Dec 17",2017,"RONALD","","BERT","",23,"DIRECTOR","Y","05 Dec 16",""
"553","896060514RR0001","31 Dec 17",2017,"MICHAEL","","BADAWOY","",23,"DIRECTOR","Y","16 Dec 13","24 Apr 18"
"554","896060514RR0001","31 Dec 17",2017,"KELLY","","MORIN-CURRIE","",23,"PAST PRESIDENT","N","06 Apr 13",""
"555","896060514RR0001","31 Dec 17",2017,"MARTHA","","DEPROSPERIS","",23,"TREASURER","Y","18 Jul 17",""
"556","896060514RR0001","31 Dec 17",2017,"BELINDA","","BENKO","",23,"DIRECTOR","Y","07 Apr 15","20 Nov 17"
"557","896060514RR0001","31 Dec 17",2017,"SCOTT","","BUCHANAN","",23,"DIRECTOR","Y","07 Feb 15",""
"558","896060514RR0001","31 Dec 17",2017,"DOUGLAS","","BARBER","",23,"DIRECTOR","N","29 Jun 15","24 Apr 18"
"559","896060514RR0001","31 Dec 17",2017,"SHARON","","ARMSTRONG","",23,"DIRECTOR","Y","07 Feb 15","04 Feb 17"
"560","896060514RR0001","31 Dec 17",2017,"DAVID","","SYKES","",23,"DIRECTOR","Y","07 Feb 15",""
"561","896060514RR0001","31 Dec 17",2017,"BRIAN","","JONES","D",23,"PRESIDENT","Y","09 Sep 14","30 May 18"
